{
  "tvShow": [
    {
      "id": "t1",
      "title": "Arrow",
      "description": "Spoiled billionaire playboy Oliver Queen is missing and presumed dead when his yacht is lost at sea. He returns five years later a changed man, determined to clean up the city as a hooded vigilante armed with a bow.",
      "creator": "Greg Berlanti",
      "releaseDate" : "2012",
      "imagePath": "gKG5QGz5Ngf8fgWpBsWtlg5L2SF.jpg"
    },
    {
      "id": "t2",
      "title": "Dragon Ball",
      "description": "Long ago in the mountains, a fighting master known as Gohan discovered a strange boy whom he named Goku. Gohan raised him and trained Goku in martial arts until he died. The young and very strong boy was on his own, but easily managed. Then one day, Goku met a teenage girl named Bulma, whose search for the mystical Dragon Balls brought her to Goku's home. Together, they set off to find all seven and to grant her wish.",
      "creator": "Akira Toriyama",
      "releaseDate" : "1986",
      "imagePath": "tZ0jXOeYBWPZ0OWzUhTlYvMF7YR.jpg"
    },
    {
      "id": "t3",
      "title": "Doom Patrol",
      "description": "The Doom Patrol’s members each suffered horrible accidents that gave them superhuman abilities — but also left them scarred and disfigured. Traumatized and downtrodden, the team found purpose through The Chief, who brought them together to investigate the weirdest phenomena in existence — and to protect Earth from what they find.",
      "creator" : "Jeremy Carver",
      "releaseDate": "2019",
      "imagePath": "drlfSCIlMKrEeMPhi8pqY4xGxj.jpg"
    },
    {
      "id": "t4",
      "title": "Fairy Tail",
      "description": "Lucy is a 17-year-old girl, who wants to be a full-fledged mage. One day when visiting Harujion Town, she meets Natsu, a young man who gets sick easily by any type of transportation. But Natsu isn't just any ordinary kid, he's a member of one of the world's most infamous mage guilds: Fairy Tail.",
      "creator": "Hiro Mashima",
      "releaseDate": "2009",
      "imagePath": "jsYTctFnK8ewomnUgcwhmsTkOum.jpg"
    },
    {
      "id": "t5",
      "title": "Family Guy",
      "description": "Sick, twisted, politically incorrect and Freakin' Sweet animated series featuring the adventures of the dysfunctional Griffin family. Bumbling Peter and long-suffering Lois have three kids. Stewie (a brilliant but sadistic baby bent on killing his mother and taking over the world), Meg (the oldest, and is the most unpopular girl in town) and Chris (the middle kid, he's not very bright but has a passion for movies). The final member of the family is Brian - a talking dog and much more than a pet, he keeps Stewie in check whilst sipping Martinis and sorting through his own life issues.",
      "creator": "Seth McFarlane",
      "releaseDate" : "1999",
      "imagePath": "3IeWkOS5CVf4icEOVOE2V46rZZV.jpg"
    },
    {
      "id": "t6",
      "title": "Flash",
      "description": "After a particle accelerator causes a freak storm, CSI Investigator Barry Allen is struck by lightning and falls into a coma. Months later he awakens with the power of super speed, granting him the ability to move through Central City like an unseen guardian angel. Though initially excited by his newfound powers, Barry is shocked to discover he is not the only metahuman who was created in the wake of the accelerator explosion -- and not everyone is using their new powers for good. Barry partners with S.T.A.R. Labs and dedicates his life to protect the innocent. For now, only a few close friends and associates know that Barry is literally the fastest man alive, but it won't be long before the world learns what Barry Allen has become...The Flash.",
      "creator": "Greg Berlanti",
      "releaseDate" : "2014",
      "imagePath": "lJA2RCMfsWoskqlQhXPSLFQGXEJ.jpg"
    },
    {
      "id": "t7",
      "title": "Gotham",
      "description": "Everyone knows the name Commissioner Gordon. He is one of the crime world's greatest foes, a man whose reputation is synonymous with law and order. But what is known of Gordon's story and his rise from rookie detective to Police Commissioner? What did it take to navigate the multiple layers of corruption that secretly ruled Gotham City, the spawning ground of the world's most iconic villains? And what circumstances created them – the larger-than-life personas who would become Catwoman, The Penguin, The Riddler, Two-Face and The Joker?",
      "creator": "Bruno Heller",
      "releaseDate" : "2014",
      "imagePath": "4XddcRDtnNjYmLRMYpbrhFxsbuq.jpg"
    },
    {
      "id": "t8",
      "title": "Game Of Thrones",
      "description": "Seven noble families fight for control of the mythical land of Westeros. Friction between the houses leads to full-scale war. All while a very ancient evil awakens in the farthest north. Amidst the war, a neglected military order of misfits, the Night's Watch, is all that stands between the realms of men and icy horrors beyond.",
      "creator": "David Benioff",
      "releaseDate" : "2011",
      "imagePath": "w500u3bZgnGQ9T01sWNhyveQz0wH0Hl.jpg"
    },
    {
      "id": "t9",
      "title": "Greys Anatomy",
      "description": "Follows the personal and professional lives of a group of doctors at Seattle’s Grey Sloan Memorial Hospital.",
      "creator": "Shonda Rimes",
      "releaseDate" : "2005",
      "imagePath": "clnyhPqj1SNgpAdeSS6a6fwE6Bo.jpg"
    },
    {
      "id": "t10",
      "title": "Hanna",
      "description": "This thriller and coming-of-age drama follows the journey of an extraordinary young girl as she evades the relentless pursuit of an off-book CIA agent and tries to unearth the truth behind who she is. Based on the 2011 Joe Wright film.",
      "creator": "David Farr",
      "releaseDate" : "2019",
      "imagePath": "iYUtjx1EN4SVTgxd2TB4cZTGSQb.jpg"
    }
  ]
}
